Alias,Fname,Lname,MiddleInitial,Name,Password,ManagerAlias,Gender,Title,Department,Office,OU,HomePhone,StreetAddress,City,State,PostalCode,Country,CountryCode
AikC,Aik,Chen,,Aik Chen,labpass@word1,LarryZ,Male,Engineer II,Human Resources,11/107,/Accounts,+1 616 555 0112,"250 Monroe NW, Suite 400",Grand Rapids,MI,49503,United States,US
AlexW,Alex,Wu,,Alex Wu,labpass@word1,LarryZ,Male,Sr. Engineer,Engineering,97/101,/Accounts,+81 345550101,"Shinagawa Grand Central Tower, 2-16-3, Konan Minato-ku",Tokyo 108-0075,,,Japan,JP
AllieB,Allie,Bellew,,Allie Bellew,labpass@word1,LarryZ,Female,Administrative Assistant,Finance,8/106,/Accounts,+1 425 555 0105,"205 108th Ave. NE, Suite 400",Bellevue,WA,98004,United States,US
AzizH,Aziz,Hassouneh,,Aziz Hassouneh,labpass@word1,JulianI,Male,Human Resources Assistant,Human Resources,12/101,/Accounts,+1 412 555 0102,"30 Isabella St., Second Floor",Pittsburgh,PA,15212,United States,US
BonnieK,Bonnie,Kearney,,Bonnie Kearney,labpass@word1,EricG,Female,Sr. VP Sales & Marketing,Sales & Marketing,131/105,/Accounts,+1 858 555 0111,"9257 Towne Center Dr., Suite 400",San Diego,CA,92121,United States,US
DenisD,Denis,Dehenne,,Denis Dehenne,labpass@word1,GarretV,Male,Corporate Compliance Officer,Sales & Marketing,3/201,/Accounts,+1 512 555 0111,"10900 Stonelake Blvd., Suite 225",Austin,TX,78759,United States,US
DianeF,Diane,Forsyth,,Diane Forsyth,labpass@word1,DenisD,Female,Compliance Specialist,Operations,24/107,/Accounts,+1 262 555 0107,"N19 W24133 Riverwood Dr., Suite 150",Waukesha,WI,53188,United States,US
DorenaP,Dorena,Paschke,,Dorena Paschke,labpass@word1,VivianA,Female,CVP Engineering,Engineering,23/102,/Managers,+1 502 555 0102,"9900 Corporate Campus Dr., Suite 3000",Louisville,KY,40223,United States,US
EricG,Eric,Gilmore,,Eric Gilmore,labpass@word1,,Male,CEO,Executive Management,15/101,/Managers,+1 513 555 0101,"4605 Duke Drive, Suite 800",Mason,OH,45040,United States,US
GarretV,Garret,Vargas,,Garret Vargas,labpass@word1,EricG,Male,CVP Operations,Operations,36/105,/Managers,+1 206 555 0105,320 Westlake Ave N. Thomas St.,Seattle,WA,98109,United States,US
GarthF,Garth,Fort,,Garth Fort,labpass@word1,ZrinkaM,Male,Web Marketing Manager,Sales & Marketing,20/101,/Managers,+1 918 555 0101,"7633 E. 63rd Place, Suite 300",Tulsa,OK,74133,United States,US
JulianI,Julian,Isla,,Julian Isla,labpass@word1,RobY,Male,Director,Legal,9/101,/Managers,+1 309 555 0101,"2203 E. Empire St., Suite J",Bloomington,IL,61704,United States,US
JunminH,Junmin,Hao,,Junmin Hao,labpass@word1,EricG,Male,CVP Research & Development,Research & Development,2/101,/Managers,+1 913 555 0101,"10801 Mastin Blvd., Suite 620",Overland Park,KS,66210,United States,US
KatieJ,Katie,Jordan,,Katie Jordan,labpass@word1,VivianA,Female,Human Resources Manager I,Human Resources,12/104,/Managers,+1 412 555 0109,"30 Isabella St., Second Floor",Pittsburgh,PA,15212,United States,US
LarryZ,Larry,Zhang,,Larry Zhang,labpass@word1,DorenaP,Male,Helpdesk Group Manager,Operations,36/108,/Managers,+1 206 555 0108,320 Westlake Ave N. Thomas St.,Seattle,WA,98109,United States,US
RainerS,Rainer,Schiller,,Rainer Schiller,labpass@word1,KatieJ,Male,Human Resources Assistant,Human Resources,17/204,/Online,+1 901 555 0109,"6465 N. Quail Hollow Rd., Suite 200",Memphis,TN,38120,United States,US
RobY,Rob,Young,,Rob Young,labpass@word1,EricG,Male,CVP Legal,Legal,9/104,/Online,+1 309 555 0104,"2203 E. Empire St., Suite J",Bloomington,IL,61704,United States,US
RobinW,Robin,Wakefield,,Robin Wakefield,labpass@word1,DorenaP,Not Specified,Server Administrator,Operations,19/102,/Online,+1 860 555 0102,"74  Batterson Park Rd., #100",Farmington,CT,6032,United States,US
TerryA,Terry,Adams,,Terry Adams,labpass@word1,LarryZ,Not Specified,Helpdesk Technician,Operations,17/102,/Online,+1 901 555 0102,"6465 N. Quail Hollow Rd., Suite 200",Memphis,TN,38120,United States,US
VivianA,Vivian,Atlas,,Vivian Atlas,labpass@word1,EricG,Female,VP Human Resources,Human Resources,8/104,/Online,+1 425 555 0103,"205 108th Ave. NE, Suite 400",Bellevue,WA,98004,United States,US
ZrinkaM,Zrinka,Makovac,,Zrinka Makovac,labpass@word1,BonnieK,Female,VP Marketing,Sales & Marketing,131/103,/Online,+1 858 555 0109,"9255 Towne Center Dr., Suite 400",San Diego,CA,92121,United States,US
